train_losses,train_accuracies,val_losses,val_accuracies,elapsed_time,final_accuracy
"[0.0012827942548977696, 0.00477804090200073, 0.004838227219727781, 0.004764581892548291, 0.004841543150731646, 0.004701219575034212, 0.005026189081431569, 0.004457432270535956, 0.004116699684148088, 0.004287391250608894, 0.0045167335078788355, 0.004486441409782223, 0.00496988201453148, 0.004612297120848266, 0.004279535852180308, 0.004637471393874401, 0.004437790197856805, 0.004450576482391309, 0.004333793418481946, 0.004252435137143197, 0.005104445972550741, 0.00460027582163963, 0.005182838063616225, 0.004285216900904704, 0.00433010049417372, 0.0044982892602844085]","[1.0, 1.0, 1.0, 1.0, 1.0, 1.0, 1.0, 1.0, 1.0, 1.0, 1.0, 1.0, 1.0, 1.0, 1.0, 1.0, 1.0, 1.0, 1.0, 1.0, 1.0, 1.0, 1.0, 1.0, 1.0, 1.0]","[0.2123650304325249, 0.22084504722253137, 0.2208596961977689, 0.2198529873529206, 0.22458020338545676, 0.2253896457993466, 0.22461734728320784, 0.21760091963021652, 0.21818054192092107, 0.2214511428838191, 0.2245154474740443, 0.22841747639619786, 0.216613894895367, 0.22469958630592926, 0.21392420452574026, 0.22902891963072444, 0.21846018569624942, 0.21434221287136493, 0.21376218857324641, 0.22406335709535558, 0.22280865486549295, 0.21223788092965665, 0.2182994036246901, 0.2214929644504319, 0.21313337123264436, 0.2164023309622122]","[0.938858687877655, 0.9347826242446899, 0.9307065606117249, 0.9293478727340698, 0.9293478727340698, 0.9320652484893799, 0.9320652484893799, 0.9375, 0.9347826242446899, 0.9334239363670349, 0.9334239363670349, 0.9307065606117249, 0.9375, 0.9334239363670349, 0.9320652484893799, 0.9320652484893799, 0.9320652484893799, 0.936141312122345, 0.938858687877655, 0.9334239363670349, 0.936141312122345, 0.9375, 0.9320652484893799, 0.9293478727340698, 0.9320652484893799, 0.9334239363670349]",806.6600937843323,89.8337421640774
