train_losses,train_accuracies,val_losses,val_accuracies,elapsed_time,final_accuracy
"[0.011417300501109465, 0.023823546083725018, 0.024156963574173657, 0.023369303641273924, 0.025437016161563603, 0.026600531656699983, 0.024565436047218416, 0.024868345768798306, 0.02485455282072982, 0.02444656143653328, 0.023726961231264082, 0.022817219546793596, 0.02376452115688311, 0.025183583650252094, 0.02305567818288894, 0.02499598231288078, 0.022860909255383456, 0.02293523438477322, 0.024351716345257086, 0.02303128559952197, 0.0232915956850933, 0.02428982079879421, 0.023548548261675496, 0.02456034371710342, 0.024428569509283356, 0.024393347871449332]","[1.0, 1.0, 0.9996603727340698, 1.0, 0.9996603727340698, 0.9989809989929199, 1.0, 1.0, 0.9996603727340698, 1.0, 0.9996603727340698, 0.9996603727340698, 1.0, 1.0, 0.9996603727340698, 1.0, 1.0, 1.0, 0.9996603727340698, 1.0, 1.0, 0.9996603727340698, 1.0, 1.0, 1.0, 1.0]","[0.2607287048645642, 0.2634726772489755, 0.2650856356257978, 0.2638050745362821, 0.2662760686615239, 0.26511491899905, 0.2642772288426109, 0.2604454389732817, 0.2691411175157713, 0.2659889411019242, 0.2669379520027534, 0.26516683853190876, 0.2642720212107119, 0.26647402281346527, 0.2686767328692519, 0.2601952504204667, 0.2652394671155059, 0.26630594354608783, 0.2616874290549237, 0.26602425879758335, 0.2654877172216125, 0.2636288916287215, 0.265090590585833, 0.26874087912880856, 0.2657689060205999, 0.263629538209542]","[0.9320652484893799, 0.9239130616188049, 0.9225543737411499, 0.917119562625885, 0.9211956858634949, 0.92527174949646, 0.9225543737411499, 0.926630437374115, 0.9130434989929199, 0.9198369979858398, 0.914402186870575, 0.9239130616188049, 0.92527174949646, 0.9211956858634949, 0.91847825050354, 0.9225543737411499, 0.9239130616188049, 0.9239130616188049, 0.9239130616188049, 0.91847825050354, 0.9198369979858398, 0.926630437374115, 0.92527174949646, 0.9198369979858398, 0.9211956858634949, 0.91847825050354]",635.1148090362549,89.6429544835105
