train_losses,train_accuracies,val_losses,val_accuracies,elapsed_time,final_accuracy
"[0.0013610177354522698, 0.004448196449590361, 0.004441324006462389, 0.004205225754286284, 0.004265891599377779, 0.004061351477107762, 0.003938900954697443, 0.004120422119740397, 0.004591214259246202, 0.004600411074732066, 0.004462143297448916, 0.00414460671701185, 0.004506560634700177, 0.0042644129969868, 0.0039042970481956295, 0.004385408556908774, 0.00417030224090685, 0.004180673171978687, 0.004320370372506263, 0.004347023584515504, 0.003924245528532597, 0.004420589927695287, 0.00428256296309764, 0.005169704574180524, 0.00487203736860386, 0.004530522662326289]","[1.0, 1.0, 1.0, 1.0, 1.0, 1.0, 1.0, 1.0, 1.0, 1.0, 1.0, 1.0, 1.0, 1.0, 1.0, 1.0, 1.0, 1.0, 1.0, 1.0, 1.0, 1.0, 1.0, 1.0, 1.0, 0.9996603727340698]","[0.2564179285874833, 0.26518287574467453, 0.26230341973512067, 0.26569375031344267, 0.2659395252880843, 0.26372697884621826, 0.26941304135581723, 0.26694453653434047, 0.2654200232709232, 0.2666170639998239, 0.2622739750406016, 0.26252913742285705, 0.27059759142930095, 0.26943881145637966, 0.26602745963179547, 0.2653088671681674, 0.2644022631904353, 0.25953042895897577, 0.27026538145930873, 0.26060068825988664, 0.27030236095837923, 0.26754689184219943, 0.2616457317996284, 0.26252606065700884, 0.2698995806276798, 0.26590247679015866]","[0.9307065606117249, 0.9307065606117249, 0.9334239363670349, 0.926630437374115, 0.9239130616188049, 0.9239130616188049, 0.92527174949646, 0.92798912525177, 0.92798912525177, 0.92798912525177, 0.92527174949646, 0.926630437374115, 0.926630437374115, 0.9225543737411499, 0.9334239363670349, 0.926630437374115, 0.9239130616188049, 0.9293478727340698, 0.92527174949646, 0.9347826242446899, 0.926630437374115, 0.926630437374115, 0.9293478727340698, 0.92798912525177, 0.9239130616188049, 0.9320652484893799]",677.9445662498474,88.33469610248024
