train_losses,train_accuracies,val_losses,val_accuracies,elapsed_time,final_accuracy
"[0.00018321924242469402, 0.0007510264660358307, 0.0007419279772084733, 0.0007583373055398545, 0.0007584090091531043, 0.0007418181428321353, 0.000764802927100707, 0.0007141627340941974, 0.0006857163509424856, 0.00069401846185033, 0.0007686674836567481, 0.0006904194970443116, 0.0007086632515141821, 0.0007253474531867339, 0.0007283032641482904, 0.0007418266721525351, 0.0007494701766636749, 0.0007605606028253375, 0.0007367014414225907, 0.0007203279753372518, 0.0007335342407990854, 0.0007357337684800808, 0.0007443901862564456, 0.0007410384391930521, 0.0007556112623601423, 0.0007451272043829744]","[1.0, 1.0, 1.0, 1.0, 1.0, 1.0, 1.0, 1.0, 1.0, 1.0, 1.0, 1.0, 1.0, 1.0, 1.0, 1.0, 1.0, 1.0, 1.0, 1.0, 1.0, 1.0, 1.0, 1.0, 1.0, 1.0]","[0.32432827191508334, 0.323786693746629, 0.3244995286931162, 0.3244986939041511, 0.32076099110038386, 0.3167200179203697, 0.31953126937150955, 0.32271659536206204, 0.319053226676972, 0.3210203006215718, 0.3145955237357513, 0.31983660258676694, 0.3227127126377562, 0.32046107753463415, 0.32319218924512033, 0.31772413428710855, 0.3175215523528016, 0.3195966070760851, 0.3178939399835856, 0.3204874208439951, 0.31976136014513346, 0.3222199620112129, 0.3217987214093623, 0.3291028141975403, 0.32575662515085674, 0.32308925493903784]","[0.9103261232376099, 0.904891312122345, 0.9035326242446899, 0.9035326242446899, 0.904891312122345, 0.9035326242446899, 0.904891312122345, 0.90625, 0.9089674353599548, 0.8994565606117249, 0.904891312122345, 0.9035326242446899, 0.9035326242446899, 0.904891312122345, 0.907608687877655, 0.9035326242446899, 0.904891312122345, 0.90625, 0.90625, 0.9089674353599548, 0.904891312122345, 0.90625, 0.904891312122345, 0.9021739363670349, 0.907608687877655, 0.898097813129425]",606.7700572013855,89.0160806759335
