train_losses,train_accuracies,val_losses,val_accuracies,elapsed_time,final_accuracy
"[0.001422557180732205, 0.004607631964102873, 0.004299385495909044, 0.0050368155454002, 0.004309370708854302, 0.004510138101582213, 0.004896370278995322, 0.004336488736874383, 0.004438932415644597, 0.004523543580232755, 0.004799258615568523, 0.0043944715175514475, 0.004632708625412424, 0.004709346488158664, 0.004406706288294948, 0.004302107152002661, 0.005603146286296617, 0.004293791756145251, 0.004423529165290782, 0.004482589231844506, 0.004632350133286546, 0.004508795293867993, 0.005018407454886271, 0.004790408002799782, 0.004775095713304599, 0.004301844430459744]","[1.0, 1.0, 1.0, 1.0, 1.0, 1.0, 1.0, 1.0, 1.0, 1.0, 0.9996603727340698, 1.0, 1.0, 1.0, 1.0, 1.0, 0.9996603727340698, 1.0, 1.0, 1.0, 1.0, 1.0, 1.0, 0.9996603727340698, 1.0, 1.0]","[0.3327846212879471, 0.33042723231989407, 0.33889604133108386, 0.32772207033375034, 0.3278741311767827, 0.3317893040568932, 0.3290152867203173, 0.3328920570404633, 0.32533187160025473, 0.33099253248909244, 0.32601995377436926, 0.3362523343252099, 0.3280349409450655, 0.33664307095434354, 0.3313904916462691, 0.3334531456879947, 0.33536394717900647, 0.3342022260893946, 0.33003545422916825, 0.3286067127533581, 0.340228958622269, 0.3284921218519625, 0.3281066161782845, 0.33728571608662605, 0.3320984092095624, 0.3316276238664337]","[0.9103261232376099, 0.9089674353599548, 0.90625, 0.9103261232376099, 0.907608687877655, 0.90625, 0.9089674353599548, 0.9103261232376099, 0.904891312122345, 0.9008152484893799, 0.9116848111152649, 0.907608687877655, 0.90625, 0.904891312122345, 0.907608687877655, 0.904891312122345, 0.9008152484893799, 0.904891312122345, 0.907608687877655, 0.9008152484893799, 0.9008152484893799, 0.9116848111152649, 0.9089674353599548, 0.898097813129425, 0.9089674353599548, 0.9021739363670349]",685.1016030311584,88.96156991005724
