train_losses,train_accuracies,val_losses,val_accuracies,elapsed_time,final_accuracy
"[0.00859730108641088, 0.018630780735174598, 0.019736850775940264, 0.018533687016157353, 0.020187574195797028, 0.019534546917344887, 0.02037207561585566, 0.02033712864731965, 0.019246834279645398, 0.020537979232714228, 0.019293759433228686, 0.020002884932024324, 0.018636868558014216, 0.017709153932114335, 0.0194266097539145, 0.01963459740838279, 0.018476291792467237, 0.0195685020931389, 0.018081756754089958, 0.019231484241216727, 0.019886022509561608, 0.019797362113857398, 0.01783407856102871, 0.018875554993586695, 0.01930149388499558, 0.020060343171834298]","[1.0, 0.9996603727340698, 1.0, 1.0, 0.9996603727340698, 0.9996603727340698, 0.9996603727340698, 0.9989809989929199, 0.9996603727340698, 0.9993206858634949, 1.0, 0.9996603727340698, 1.0, 1.0, 1.0, 0.9996603727340698, 1.0, 1.0, 1.0, 0.9993206858634949, 1.0, 1.0, 1.0, 0.9996603727340698, 0.9993206858634949, 1.0]","[0.2244180074852446, 0.22415571449243504, 0.22491526879046275, 0.2275944713341153, 0.23010945579280023, 0.22758930630010107, 0.22945507729183073, 0.2278895732825217, 0.22728884803212207, 0.22462101345476898, 0.22452315380391868, 0.23047535105243974, 0.2293396648829398, 0.22748983959140984, 0.22440582108886345, 0.22496275555180467, 0.2248374677222708, 0.2241648187779862, 0.22887008685780608, 0.2250288553212, 0.22250727013401364, 0.22527112212517988, 0.22622739151120186, 0.22705559238143588, 0.23226496496278307, 0.2248313365423161]","[0.9375, 0.9347826242446899, 0.9320652484893799, 0.92798912525177, 0.9307065606117249, 0.9320652484893799, 0.9320652484893799, 0.92798912525177, 0.9307065606117249, 0.9334239363670349, 0.92798912525177, 0.9293478727340698, 0.9225543737411499, 0.92527174949646, 0.92798912525177, 0.9320652484893799, 0.926630437374115, 0.9293478727340698, 0.92527174949646, 0.926630437374115, 0.9293478727340698, 0.92798912525177, 0.9334239363670349, 0.9320652484893799, 0.92798912525177, 0.9347826242446899]",1902.691285610199,88.41646225129463
