train_losses,train_accuracies,val_losses,val_accuracies,elapsed_time,final_accuracy
"[3.907742246337559, 3.489126462003459, 2.9676010919653852, 2.5573345915130945, 2.2074569865413336, 1.9294238233047982]","[0.0390625, 0.09035326540470123, 0.30434784293174744, 0.49864131212234497, 0.6368886232376099, 0.7038043737411499]","[3.8985297265260117, 3.192038733026256, 2.739287231279456, 2.3537388055220894, 2.0312333988106768, 1.795606483583865]","[0.04755434766411781, 0.20652174949645996, 0.41983696818351746, 0.5788043737411499, 0.6698369979858398, 0.75]",160.15555596351624,
"[1.7252165053201758, 1.0214324723119321, 0.48485133343416714, 0.3263360589094784, 0.2213433590596137, 0.1538897892460227]","[0.7635869979858398, 0.82472825050354, 0.91745924949646, 0.9493886232376099, 0.97044837474823, 0.9894701242446899]","[1.795606483583865, 0.6427144654419111, 0.4799778753000757, 0.4241492877835813, 0.39886151189389435, 0.3653775848772215]","[0.75, 0.86277174949646, 0.8899456858634949, 0.89673912525177, 0.885869562625885, 0.9103261232376099]",165.23740077018738,
"[0.07220197703851305, 0.11467260579862025, 0.09470454125624636, 0.09046606403654037, 0.08415126185054364, 0.07481300480582792]","[0.99660325050354, 0.9942255616188049, 0.996942937374115, 0.99830162525177, 0.998641312122345, 0.9989809989929199]","[0.3653775848772215, 0.35280694909717725, 0.3418446555733681, 0.34469358558240143, 0.33893614132767136, 0.3382378719423128]","[0.9103261232376099, 0.9130434989929199, 0.9035326242446899, 0.917119562625885, 0.91576087474823, 0.907608687877655]",158.3960816860199,88.63450531479967
