train_losses,train_accuracies,val_losses,val_accuracies,elapsed_time,final_accuracy
"[3.9838292831959934, 3.502718124700629, 2.9361205126928245, 2.476583517116049, 2.102021359879038, 1.8067165924155193]","[0.015285326167941093, 0.0811820700764656, 0.32167118787765503, 0.534307062625885, 0.6633831858634949, 0.72826087474823]","[3.988270023594732, 3.19126414216083, 2.6796270764392354, 2.262277551319288, 1.9294718763102656, 1.6584789804790332]","[0.01766304299235344, 0.17255434393882751, 0.42934784293174744, 0.61548912525177, 0.70652174949646, 0.75951087474823]",163.9689612,
"[1.5889031757479128, 0.7405711133842883, 0.29531019504951395, 0.1772145068515902, 0.12240700111926897, 0.07723114513994558]","[0.779891312122345, 0.845108687877655, 0.9317255616188049, 0.9633152484893799, 0.9772418737411499, 0.98879075050354]","[1.6584789804790332, 0.4169629041267478, 0.32098194244115247, 0.28845384749381436, 0.2902187134908593, 0.30573125377945276]","[0.75951087474823, 0.8817934989929199, 0.9116848111152649, 0.90625, 0.907608687877655, 0.9103261232376099]",163.7572887,
"[0.13060145663178485, 0.18943038279109675, 0.13612658417095308, 0.11856379785129557, 0.09924387255602557, 0.0813011133071521]","[0.9755434989929199, 0.9663723111152649, 0.983016312122345, 0.9881114363670349, 0.992527186870575, 0.99660325050354]","[0.32098194244115247, 0.27023407752099243, 0.2737672698238622, 0.2581546543085057, 0.2534837045747301, 0.24974622383065845]","[0.9116848111152649, 0.9334239363670349, 0.926630437374115, 0.9307065606117249, 0.9307065606117249, 0.9320652484893799]",168.3692584,90.07942219
