train_losses,train_accuracies,val_losses,val_accuracies,elapsed_time,final_accuracy
"[3.6385386689849524, 3.4120354056358337, 2.9817839990491453, 2.6077734750250112, 2.2935008251148723, 2.0144169939600904]","[0.013926630839705467, 0.18240489065647125, 0.595108687877655, 0.7785326242446899, 0.8366168737411499, 0.87058424949646]","[3.642513710519542, 3.2018318072609278, 2.821510294209356, 2.49622628999793, 2.220460197199946, 1.9705608875855156]","[0.019021740183234215, 0.39945653080940247, 0.67798912525177, 0.79076087474823, 0.8383152484893799, 0.864130437374115]",179.86243152618408,
"[1.892392475967822, 0.6807162839433422, 0.24190145188375659, 0.1698800810896184, 0.09948525676989685, 0.07265791284811238]","[0.909307062625885, 0.8984375, 0.945652186870575, 0.95482337474823, 0.9765625, 0.9850543737411499]","[1.9705608875855156, 0.3101495867190154, 0.2564518919781498, 0.22536129925561987, 0.20686211744728294, 0.22465502357353334]","[0.864130437374115, 0.917119562625885, 0.9239130616188049, 0.9293478727340698, 0.9415761232376099, 0.9307065606117249]",193.85130548477173,
"[0.03798801168475462, 0.06179252786197416, 0.05899067188653609, 0.05263623635730018, 0.04623328466170832, 0.04126299343719755]","[0.99388587474823, 0.9915081858634949, 0.990828812122345, 0.9932065606117249, 0.9918478727340698, 0.99558424949646]","[0.20686211744728294, 0.18173470283332077, 0.2007908134356789, 0.19084985197886176, 0.18676688781251077, 0.17677938330756582]","[0.9415761232376099, 0.94972825050354, 0.9415761232376099, 0.945652186870575, 0.938858687877655, 0.9524456858634949]",211.2797555923462,92.15044971381847
