train_losses,train_accuracies,val_losses,val_accuracies,elapsed_time,best_val_acc,final_accuracy
"[3.6131087748900703, 3.39796068875686, 2.973868199016737, 2.618474226930867]","[0.030570652335882187, 0.17527173459529877, 0.5648776888847351, 0.7615489363670349]","[3.6188303180362866, 3.1880472017371138, 2.8181608448857847, 2.5102599185446035]","[0.028532609343528748, 0.3913043439388275, 0.6521739363670349, 0.773097813129425]",1065.6311326026917,0.773097813129425,
"[2.454100733217986, 1.0902851369717848, 0.3625569178358368, 0.22816242423394453]","[0.8396739363670349, 0.8566576242446899, 0.92357337474823, 0.951766312122345]","[2.5102599185446035, 0.4056749492883682, 0.2618053782245387, 0.2578350862731104]","[0.773097813129425, 0.917119562625885, 0.9334239363670349, 0.92527174949646]",1313.977718114853,0.9334239363670349,
"[0.14729702387652968, 0.2200306724433018, 0.1817628349299016, 0.15394421108067036]","[0.973505437374115, 0.95482337474823, 0.96535325050354, 0.9758831262588501]","[0.2618053782245387, 0.23590887046378592, 0.2146214787726817, 0.21955123576133148]","[0.9334239363670349, 0.9375, 0.9402173757553101, 0.9347826242446899]",1542.7822308540344,0.9402173757553101,
"[0.08736912007241146, 0.15178247241546278, 0.1410423628176036, 0.14669211318149514]","[0.990828812122345, 0.9758831262588501, 0.984035313129425, 0.9806385636329651]","[0.2146214787726817, 0.2193047835127167, 0.21131535198377527, 0.2105769378983456]","[0.9402173757553101, 0.938858687877655, 0.94701087474823, 0.94701087474823]",1793.7792706489563,0.94701087474823,
"[0.07833753408783156, 0.14028846585880156, 0.13452381891724857, 0.14312354685819667]","[0.9942255616188049, 0.9833559989929199, 0.983016312122345, 0.97995924949646]","[0.2105769378983456, 0.2145662200839623, 0.2119850882369539, 0.2206811227876207]","[0.94701087474823, 0.9510869383811951, 0.9442934989929199, 0.945652186870575]",1970.2630553245544,0.9510869383811951,92.01417279912783
