train_losses,train_accuracies,val_losses,val_accuracies,elapsed_time,final_accuracy
"[0.0030424119360522245, 0.008104930211708921, 0.007593969801825512, 0.008172575359070755, 0.007707058080046883, 0.008004000524322138, 0.00825841704879523, 0.008249571807581284, 0.007669313598181243, 0.007981337515799247, 0.008456597846183602, 0.008418916375376284, 0.007585609319073189, 0.007861689221539089, 0.008307027063615944, 0.007341823700066332, 0.007780885328943638, 0.007700417200913248, 0.007602445887523177, 0.007335347168997902, 0.008164391969330609, 0.00748076717591966, 0.007838567648001987, 0.008412050505917843, 0.00793626919672217, 0.008444011264541388]","[1.0, 1.0, 0.9996603727340698, 1.0, 1.0, 1.0, 0.9996603727340698, 0.9996603727340698, 1.0, 1.0, 1.0, 1.0, 1.0, 1.0, 1.0, 1.0, 1.0, 1.0, 1.0, 1.0, 1.0, 1.0, 1.0, 1.0, 1.0, 1.0]","[0.21831396286902222, 0.22251160183678503, 0.2169063930278239, 0.21747117878302283, 0.21685580293769421, 0.21988679209481116, 0.2181437734676444, 0.22231765901264938, 0.21927581338778787, 0.2254609267996705, 0.22103031821872876, 0.21842973096215207, 0.21919770765563715, 0.2224765497705211, 0.21740611189085504, 0.22019996072935022, 0.22353250177010245, 0.21748582565266153, 0.21971238145361777, 0.21878265330325003, 0.2177937409800032, 0.21858148989470108, 0.2259713158659313, 0.22352882150722586, 0.21829503061978714, 0.22528519060300745]","[0.9429348111152649, 0.938858687877655, 0.938858687877655, 0.936141312122345, 0.9375, 0.936141312122345, 0.938858687877655, 0.936141312122345, 0.938858687877655, 0.936141312122345, 0.9347826242446899, 0.9415761232376099, 0.9415761232376099, 0.9375, 0.9375, 0.9402174353599548, 0.9402174353599548, 0.938858687877655, 0.936141312122345, 0.936141312122345, 0.938858687877655, 0.938858687877655, 0.9375, 0.9375, 0.9375, 0.936141312122345]",667.4831132888794,89.75197601526301
