train_losses,train_accuracies,val_losses,val_accuracies,elapsed_time,final_accuracy
"[0.004312194387792893, 0.011234602850416432, 0.011196996414345567, 0.011703617769576933, 0.011986668221652508, 0.011577781664369546, 0.011511374376309306, 0.011921359317215241, 0.011800229994823103, 0.010859645984095076, 0.010602706926874816, 0.011881383449730018, 0.011370544013081362, 0.011575619796412471, 0.011836278323165101, 0.011592276804351612, 0.011356198568018559, 0.011510810971705487, 0.010904249795914991, 0.010505928217595361, 0.010830716477990474, 0.010403061138830431, 0.011266066581415742, 0.011031367775538693, 0.010909880982185512, 0.010212608613073826]","[1.0, 1.0, 1.0, 1.0, 1.0, 1.0, 1.0, 1.0, 1.0, 1.0, 1.0, 0.9996603727340698, 1.0, 1.0, 1.0, 0.9996603727340698, 0.9996603727340698, 1.0, 1.0, 1.0, 1.0, 1.0, 1.0, 0.9996603727340698, 1.0, 1.0]","[0.26488667596941406, 0.26346359758273413, 0.2778201647426771, 0.26962080209151557, 0.2750893283797347, 0.2651622629036074, 0.2732366239247115, 0.2682606458016064, 0.26972919961680536, 0.263196397734725, 0.2649529174618099, 0.27107969509518665, 0.26896510208430496, 0.27061534089886624, 0.26204734522363415, 0.27048574290845706, 0.2700628745167152, 0.2715735506752263, 0.2681738173832064, 0.26887234786282416, 0.2738759987380194, 0.26882864923580835, 0.2715999484062195, 0.2668126461946446, 0.27314354932826496, 0.2674207833150159]","[0.9320652484893799, 0.9334239363670349, 0.92527174949646, 0.92527174949646, 0.9293478727340698, 0.9307065606117249, 0.9225543737411499, 0.92527174949646, 0.9211956858634949, 0.9293478727340698, 0.92798912525177, 0.9239130616188049, 0.92527174949646, 0.926630437374115, 0.9293478727340698, 0.9225543737411499, 0.92798912525177, 0.92798912525177, 0.92798912525177, 0.92798912525177, 0.92527174949646, 0.926630437374115, 0.9225543737411499, 0.926630437374115, 0.9307065606117249, 0.926630437374115]",674.7315764427185,88.90705914418098
