train_losses,train_accuracies,val_losses,val_accuracies,elapsed_time,final_accuracy
"[0.0003674928467934597, 0.0016628050209913888, 0.0022965424558724803, 0.0018087361398932483, 0.0019452595057057056, 0.0018069489805898427, 0.0019272312891426618, 0.0015963812791438693, 0.001977203236057666, 0.002194755541732656, 0.0017604506777032561, 0.0017546604187531477, 0.0017618048466671178, 0.0017845217966089915, 0.0015946286565968362, 0.002210559695452938, 0.0017486540103994269, 0.002007690602508576, 0.001968639289692004, 0.001713751881059421, 0.0018830811914876508, 0.002114968247833135, 0.0018433500245800647, 0.0018658369960536695, 0.0016779776253869109, 0.002175135574678121]","[1.0, 1.0, 1.0, 1.0, 1.0, 1.0, 1.0, 1.0, 1.0, 1.0, 1.0, 1.0, 1.0, 1.0, 1.0, 1.0, 1.0, 1.0, 1.0, 1.0, 1.0, 1.0, 1.0, 1.0, 1.0, 1.0]","[0.29559639808924304, 0.29914255314709054, 0.30015646204676316, 0.2998479120028408, 0.2903650491700872, 0.2996948337911264, 0.2984153398758043, 0.2945713768105792, 0.28787545301020145, 0.2935814684175927, 0.28747001249829063, 0.2888251581512716, 0.2940788001388959, 0.29315752398384654, 0.2993755866975888, 0.2970917411148548, 0.2925248919054866, 0.2970027666053046, 0.29445327194812504, 0.29571210066585435, 0.29007359557663615, 0.292419562642665, 0.298419833952642, 0.2844347014375355, 0.28851153960694437, 0.2915466478418397]","[0.9116848111152649, 0.91576087474823, 0.9103261232376099, 0.917119562625885, 0.914402186870575, 0.9103261232376099, 0.9116848111152649, 0.91847825050354, 0.9116848111152649, 0.914402186870575, 0.917119562625885, 0.91576087474823, 0.91847825050354, 0.9130434989929199, 0.917119562625885, 0.914402186870575, 0.9198369979858398, 0.914402186870575, 0.9130434989929199, 0.914402186870575, 0.917119562625885, 0.914402186870575, 0.9089674353599548, 0.9130434989929199, 0.917119562625885, 0.91847825050354]",849.8510274887085,88.17116380485146
